날짜,게시글
2019-11-11,1
2019-11-13,1
2019-12-06,1
2019-12-16,1
2019-12-22,1
2020-02-03,1
2020-02-13,1
2020-02-14,1
2020-02-19,1
2020-02-28,1
2020-03-13,3
2020-03-15,1
2020-03-16,1
2020-03-26,1
2020-05-04,3
2020-05-05,2
2020-05-15,1
2020-05-18,1
2020-06-03,2
2020-07-02,1
2020-07-06,1
2020-07-13,1
2020-07-21,1
2020-07-22,1
2020-08-01,1
2020-08-09,1
2020-09-01,1
2020-09-02,2
2020-09-03,1
2020-09-06,1
2020-09-07,1
2020-09-08,2
2020-09-10,1
2020-09-13,1
2020-09-15,41
2020-09-16,28
2020-09-17,4
2020-09-18,2
2020-09-21,2
2020-09-22,2
2020-09-24,2
2020-09-25,2
2020-09-26,1
2020-09-27,2
2020-09-28,1
2020-09-30,1
2020-10-04,1
2020-10-05,3
2020-10-06,11
2020-10-07,6
2020-10-08,2
2020-10-09,1
2020-10-10,5
2020-10-11,1
2020-10-12,1
2020-10-13,3
2020-10-14,3
2020-10-15,3
2020-10-16,1
2020-10-19,7
2020-10-21,2
2020-10-23,1
2020-10-24,1
2020-10-26,1
2020-10-27,4
2020-10-28,1
2020-10-30,1
2020-10-31,1
2020-11-01,1
2020-11-03,4
2020-11-04,7
2020-11-05,4
2020-11-06,4
2020-11-08,2
2020-11-11,2
2020-11-15,1
2020-11-16,1
2020-11-17,1
2020-11-19,1
2020-11-29,1
2020-11-30,1
2020-12-03,1
2020-12-05,2
2020-12-06,1
2020-12-08,1
2020-12-09,2
2020-12-10,3
2020-12-11,2
2020-12-12,1
2020-12-13,2
2020-12-14,2
2020-12-18,1
2020-12-25,1
2020-12-29,1
2020-12-30,1
2021-01-03,2
2021-01-04,1
2021-01-05,1
2021-01-06,2
2021-01-07,1
2021-01-10,1
2021-01-14,1
2021-01-24,1
2021-01-25,1
2021-01-28,2
2021-01-29,2
2021-01-30,1
2021-01-31,1
2021-02-01,1
2021-02-05,2
2021-02-08,3
2021-02-09,4
2021-02-15,2
2021-02-22,1
2021-02-23,1
2021-02-24,1
2021-02-27,2
2021-03-07,1
2021-03-08,1
2021-03-09,2
2021-03-11,1
2021-03-12,1
2021-03-15,2
2021-03-16,1
2021-03-18,2
2021-03-21,1
2021-03-26,2
2021-03-29,1
2021-03-31,1
2021-04-01,2
2021-04-02,1
2021-04-05,2
2021-04-07,1
2021-04-12,1
2021-04-13,2
2021-04-14,1
2021-04-15,2
2021-04-16,1
2021-04-17,2
2021-04-20,1
2021-04-22,5
2021-04-23,1
2021-04-24,1
2021-04-25,2
2021-04-27,1
2021-05-01,1
2021-05-02,1
2021-05-04,2
2021-05-12,3
2021-05-15,7
2021-05-17,3
2021-05-18,49
2021-05-19,16
2021-05-20,61
2021-05-21,23
2021-05-22,2
2021-05-23,1
2021-05-24,5
2021-05-25,8
2021-05-26,7
2021-05-27,3
2021-05-28,1
2021-05-31,3
2021-06-01,3
2021-06-02,12
2021-06-03,4
2021-06-04,1
2021-06-05,1
2021-06-06,2
2021-06-07,1
2021-06-08,2
2021-06-09,3
2021-06-10,3
2021-06-11,3
2021-06-12,1
2021-06-14,5
2021-06-15,8
2021-06-16,10
2021-06-17,2
2021-06-18,1
2021-06-20,1
2021-06-21,1
2021-06-22,1
2021-06-23,6
2021-06-25,2
2021-06-28,14
2021-06-29,12
2021-06-30,2
2021-07-01,3
2021-07-02,1
2021-07-04,1
2021-07-05,1
2021-07-08,1
2021-07-09,1
2021-07-11,1
2021-07-13,1
2021-07-19,1
2021-07-20,1
2021-07-22,1
2021-07-23,2
2021-07-25,2
2021-07-28,1
2021-08-05,1
2021-08-06,1
2021-08-19,1
2021-08-24,1
2021-08-27,1
2021-08-28,2
2021-08-29,2
2021-08-30,1
2021-08-31,3
2021-09-01,2
2021-09-05,1
2021-09-09,1
2021-09-10,2
2021-09-13,1
2021-09-16,34
2021-09-17,3
2021-09-20,1
2021-09-22,1
2021-09-23,4
2021-09-24,1
2021-09-27,1
2021-09-28,15
2021-09-29,1
2021-09-30,1
2021-10-01,2
2021-10-03,1
2021-10-04,1
2021-10-05,3
2021-10-06,3
2021-10-07,1
2021-10-12,1
2021-10-13,2
2021-10-14,1
2021-10-15,1
2021-10-18,1
2021-10-19,2
2021-10-20,2
2021-10-22,1
2021-10-26,1
2021-10-29,1
2021-11-04,1
2021-11-06,1
2021-11-18,2
2021-11-21,1
2021-11-25,1
2021-11-30,3
2021-12-06,2
2021-12-07,1
2021-12-12,1
2021-12-16,2
2021-12-19,1
2021-12-20,2
2021-12-21,2
2021-12-22,1
2021-12-23,1
2021-12-27,4
2021-12-28,3
2021-12-29,14
2021-12-30,1
2022-01-03,1
2022-01-16,1
2022-01-19,1
2022-01-23,1
2022-01-24,1
2022-01-25,6
2022-02-03,2
2022-02-11,1
2022-02-14,2
2022-02-16,1
2022-02-19,1
2022-02-20,2
2022-02-21,3
2022-02-22,2
2022-02-23,10
2022-02-24,11
2022-02-25,2
2022-02-27,1
2022-02-28,3
2022-03-01,1
2022-03-02,1
2022-03-03,1
2022-03-04,1
2022-03-06,2
2022-03-07,2
2022-03-08,1
2022-03-31,2
2022-04-03,1
2022-04-12,2
2022-04-13,1
2022-04-17,2
2022-04-19,1
2022-04-27,4
2022-05-05,1
2022-05-17,1
2022-05-22,1
2022-05-23,1
2022-05-25,1
2022-05-26,2
2022-05-27,1
2022-05-29,1
2022-05-31,2
2022-06-01,1
2022-06-02,2
2022-06-06,1
2022-06-07,1
2022-06-08,1
2022-06-09,2
2022-06-10,5
2022-06-11,2
2022-06-12,1
2022-06-13,1
2022-06-15,3
2022-06-17,2
2022-06-22,1
2022-06-23,2
2022-06-26,2
2022-06-28,1
2022-06-29,1
2022-07-04,1
2022-07-08,2
2022-07-10,1
2022-07-12,2
2022-07-14,1
2022-07-15,1
2022-07-19,1
2022-07-20,1
2022-07-21,1
2022-08-05,1
2022-08-08,1
2022-08-11,1
2022-08-13,1
2022-08-16,2
2022-08-17,2
2022-08-19,1
2022-08-21,1
2022-08-22,1
2022-08-24,1
2022-08-25,1
2022-08-26,1
2022-08-31,1
2022-09-01,1
2022-09-02,1
2022-09-07,2
2022-09-14,1
2022-09-15,1
2022-09-21,1
2022-09-24,1
2022-09-28,1
2022-09-30,8
2022-10-03,1
2022-10-04,3
2022-10-05,7
2022-10-06,3
2022-10-07,1
2022-10-09,1
2022-10-10,1
2022-10-11,3
2022-10-12,1
2022-10-15,1
2022-10-17,1
2022-10-20,5
2022-10-21,1
2022-10-22,1
2022-10-23,1
2022-10-24,1
2022-10-25,2
2022-10-26,3
2022-10-27,1
2022-11-01,2
2022-11-07,2
2022-11-09,1
2022-11-13,1
2022-11-14,1
2022-11-15,3
2022-11-16,1
2022-11-17,1
2022-11-18,1
2022-11-21,3
2022-11-22,5
2022-11-23,3
2022-11-24,7
2022-11-25,5
2022-11-26,1
2022-11-27,8
2022-11-28,2
2022-11-29,7
2022-11-30,4
2022-12-01,6
2022-12-02,2
2022-12-04,5
2022-12-05,5
2022-12-06,3
2022-12-07,4
2022-12-08,1
2022-12-09,4
2022-12-10,1
2022-12-11,2
2022-12-12,1
2022-12-13,2
2022-12-14,4
2022-12-15,3
2022-12-16,4
2022-12-17,1
2022-12-18,1
2022-12-20,1
2022-12-21,4
2022-12-23,3
2022-12-24,2
2022-12-25,1
2022-12-26,2
2022-12-27,1
2022-12-28,7
2022-12-29,3
2023-01-02,2
2023-01-03,4
2023-01-04,2
2023-01-05,6
2023-01-06,3
2023-01-08,1
2023-01-09,2
2023-01-10,6
2023-01-11,7
2023-01-12,3
2023-01-13,5
2023-01-14,3
2023-01-16,3
2023-01-17,3
2023-01-18,6
2023-01-19,4
2023-01-20,7
2023-01-21,1
2023-01-22,1
2023-01-23,2
2023-01-24,4
2023-01-25,5
2023-01-26,4
2023-01-27,3
2023-01-28,2
2023-01-29,5
2023-01-30,1
2023-01-31,4
2023-02-01,1
2023-02-02,5
2023-02-03,1
2023-02-05,1
2023-02-08,1
2023-02-09,1
2023-02-13,1
2023-02-15,1
2023-02-16,4
2023-02-17,4
2023-02-20,1
2023-02-22,2
2023-02-23,1
2023-02-24,3
2023-02-25,3
2023-02-28,1
2023-03-01,1
2023-03-02,5
2023-03-03,2
2023-03-08,1
2023-03-11,2
2023-03-13,1
2023-03-15,1
2023-03-16,4
2023-03-19,1
2023-03-20,1
2023-03-21,1
2023-03-22,1
2023-03-23,2
2023-03-25,3
2023-03-30,1
2023-04-01,1
2023-04-03,1
2023-04-05,2
2023-04-06,2
2023-04-10,1
2023-04-11,2
2023-04-12,2
2023-04-20,4
2023-04-21,2
2023-04-24,192
2023-04-25,470
2023-04-26,860
2023-04-27,2210
2023-04-28,1115
2023-04-29,113
2023-04-30,113
2023-05-01,165
